﻿<?xml version="1.0" encoding="utf-8"?>
<cms.contentitemcommondata>
  <ContentItemCommonDataContentItemID>
    <CodeName>WhichBrewingFitsYou-a6ildi6t</CodeName>
    <GUID>b69db6f4-355b-4e5a-917b-541fba602213</GUID>
    <ObjectType>cms.contentitem</ObjectType>
  </ContentItemCommonDataContentItemID>
  <ContentItemCommonDataContentLanguageID>
    <CodeName>en</CodeName>
    <GUID>e4a8fb12-ebc2-45d0-930f-c9fba2780c85</GUID>
    <ObjectType>cms.contentlanguage</ObjectType>
  </ContentItemCommonDataContentLanguageID>
  <ContentItemCommonDataGUID>e32afb05-abdd-4646-ab47-66fc3e41991f</ContentItemCommonDataGUID>
  <ContentItemCommonDataIsLatest>True</ContentItemCommonDataIsLatest>
  <ContentItemCommonDataLastPublishedWhen>2024-10-30 14:57:47Z</ContentItemCommonDataLastPublishedWhen>
  <ContentItemCommonDataPageTemplateConfiguration>
    <![CDATA[{"identifier":"DancingGoat.Article","properties":null,"fieldIdentifiers":null}]]>
  </ContentItemCommonDataPageTemplateConfiguration>
  <ContentItemCommonDataVersionStatus>2</ContentItemCommonDataVersionStatus>
  <SEOFieldsAllowSearchIndexing>True</SEOFieldsAllowSearchIndexing>
  <SEOFieldsDescription>
    <![CDATA[Take a look at these three procedures describing the process of making coffee. Convince yourself that brewing coffee is no science.]]>
  </SEOFieldsDescription>
  <SEOFieldsTitle>Which brewing fits you? - Dancing Goat</SEOFieldsTitle>
  <ContentItemReferences>
    <cms.contentitemreference>
      <ContentItemReferenceGroupGUID>04b5735c-f3b6-4dba-af49-1c748e952820</ContentItemReferenceGroupGUID>
      <ContentItemReferenceGUID>7891d2b2-b1ed-4cfa-9513-90c117aef23a</ContentItemReferenceGUID>
      <ContentItemReferenceSourceCommonDataID>
        <GUID>e32afb05-abdd-4646-ab47-66fc3e41991f</GUID>
        <ObjectType>cms.contentitemcommondata</ObjectType>
      </ContentItemReferenceSourceCommonDataID>
      <ContentItemReferenceTargetItemID>
        <CodeName>Articles_Which-brewing-fits-you-1080px.jpg-sv619zaw</CodeName>
        <GUID>29a1ccaf-3cc8-4c58-b57c-824b94a9535e</GUID>
        <ObjectType>cms.contentitem</ObjectType>
      </ContentItemReferenceTargetItemID>
    </cms.contentitemreference>
    <cms.contentitemreference>
      <ContentItemReferenceGroupGUID>49eea67f-5a3a-4a0a-a4a4-42cf4e2117c0</ContentItemReferenceGroupGUID>
      <ContentItemReferenceGUID>a7f0cad1-19bb-4757-b028-844897b7edad</ContentItemReferenceGUID>
      <ContentItemReferenceSourceCommonDataID>
        <GUID>e32afb05-abdd-4646-ab47-66fc3e41991f</GUID>
        <ObjectType>cms.contentitemcommondata</ObjectType>
      </ContentItemReferenceSourceCommonDataID>
      <ContentItemReferenceTargetItemID>
        <CodeName>CoffeeProcessingTechniques-vnl8fs1k</CodeName>
        <GUID>69a5c969-8e18-4b57-a9cd-7ce089d0d059</GUID>
        <ObjectType>cms.contentitem</ObjectType>
      </ContentItemReferenceTargetItemID>
    </cms.contentitemreference>
    <cms.contentitemreference>
      <ContentItemReferenceGroupGUID>49eea67f-5a3a-4a0a-a4a4-42cf4e2117c0</ContentItemReferenceGroupGUID>
      <ContentItemReferenceGUID>844d6925-2702-4b93-a68e-544eadc69482</ContentItemReferenceGUID>
      <ContentItemReferenceSourceCommonDataID>
        <GUID>e32afb05-abdd-4646-ab47-66fc3e41991f</GUID>
        <ObjectType>cms.contentitemcommondata</ObjectType>
      </ContentItemReferenceSourceCommonDataID>
      <ContentItemReferenceTargetItemID>
        <CodeName>OnRoasts-nlx96ge6</CodeName>
        <GUID>d5d28908-d403-4f6d-ab5a-d7758b43dbf2</GUID>
        <ObjectType>cms.contentitem</ObjectType>
      </ContentItemReferenceTargetItemID>
    </cms.contentitemreference>
    <cms.contentitemreference>
      <ContentItemReferenceGroupGUID>49eea67f-5a3a-4a0a-a4a4-42cf4e2117c0</ContentItemReferenceGroupGUID>
      <ContentItemReferenceGUID>f74d947c-ab73-43bc-95c4-009791abbced</ContentItemReferenceGUID>
      <ContentItemReferenceSourceCommonDataID>
        <GUID>e32afb05-abdd-4646-ab47-66fc3e41991f</GUID>
        <ObjectType>cms.contentitemcommondata</ObjectType>
      </ContentItemReferenceSourceCommonDataID>
      <ContentItemReferenceTargetItemID>
        <CodeName>BoliviaFincaIllimani-mxdteu8i</CodeName>
        <GUID>0a7a9667-b987-4cb6-93cd-76d8d6b7f3e9</GUID>
        <ObjectType>cms.contentitem</ObjectType>
      </ContentItemReferenceTargetItemID>
    </cms.contentitemreference>
  </ContentItemReferences>
</cms.contentitemcommondata>